{"cameraMode":{"drawMode":0,"name":"Shaded","section":"Shading Mode"},"sceneLighting":true,"audioPlay":false,"sceneViewState":{"m_AlwaysRefresh":false,"showFog":true,"showSkybox":true,"showFlares":true,"showImageEffects":true,"showParticleSystems":true,"showVisualEffectGraphs":true,"m_FxEnabled":true},"in2DMode":false,"pivot":{"x":0.027238130569458009,"y":1.046022653579712,"z":0.19153457880020142},"rotation":{"x":-0.08035845309495926,"y":0.7578029036521912,"z":-0.09507472068071366,"w":-0.6404940485954285},"size":1.843163013458252,"orthographic":false}